0;0:86.33759783402141:-43.82984425991492;1:32.9596647815938:-43.6879126918042;2:51.59651434903651:72.43110951099047;3:-68.1640390524586:-352.5981285057917;4:-48.69575128018337:-233.84148109257993;5:-92.29757715496989:-163.72615432506902;6:-90.83061280585902:-3.746872936198876;7:-143.4457423308574:71.12904837482307;8:-253.87717207834453:-123.49285062767605;9:-192.44453779525833:22.740242505791315;10:-128.37824727289845:182.0012002404441;11:-2.6527645966054267:73.3643094183838;12:-249.3672883434347:4.814323187693379;13:151.61493612208497:-3.9302106695358825;14:-172.38687282235398:-3.328328084586649;15:-172.5304965091524:-106.81086662260151;16:-67.2443546307893:231.20116491875189;17:58.27784521506921:171.58912152252853;18:221.9530229081314:19.810220410151825;19:223.98288555675737:86.0834789160573;20:-47.10160486947467:114.56076409939422;21:-196.58103059784946:-156.84406432307898;22:-163.22642820259975:139.48833589172727;23:-334.1447907121713:-7.777337917181943;24:151.56879015110445:-84.79379909927516;25:-99.63738181110985:252.2512133026746;26:-306.5443679245669:8.665844476632648;27:-208.0272778306734:-348.42841799307047;28:-126.1764850322023:289.6561398377824;29:106.63798663869979:131.73579526173782;30:89.12679671688656:-221.57263254637425;31:-397.7500401097097:-184.05180396016397;32:-15.299622015697627:-3.013602667527166;33:-331.9617061527885:104.5437587958063;34:46.388479053486776:263.813754660868;35:-169.99537477699602:248.4592218216079;36:299.59628358043716:89.84419019548643;37:-260.10163407527324:90.86443529267166;38:40.61161282418679:129.4015457300203;39:12.233705841396628:-175.65250079280278;40:189.01108834918958:-174.82001818175436;41:110.59538617957867:12.00258218583907;42:46.710443646637245:314.06219772671193;43:-311.19621043881233:-59.701346253682;44:-314.1711699628817:245.38754363562037;45:15.669872386137028:-83.58663396195935;46:-383.59419533769267:-71.84044845862726;47:174.27756817958826:134.52263944903842;48:-14.736429308248313:361.1177126191827;49:-94.63525888244536:-255.4998339533971;50:165.38308973651488:-196.9376414853805;51:206.12946808749572:161.2133898131075;52:121.71420082182074:92.22563619701037;53:77.20221095912822:-95.48383704741076;54:125.71833278408369:166.35910583862628;55:-359.7433904829545:202.26657832563427;56:-269.2073519934998:-43.409061127641806;57:-35.530234797422985:-86.52300526636371;58:-185.7261456172595:124.40330878091198;59:-169.6828897209964:-200.01294152961145;60:-295.9365598959679:-314.52607572625635;61:-7.824951612696854:181.480405042681;62:-65.13260879221468:-93.79025914662074;63:-43.0422175585538:65.54462598652677;64:136.4224715513721:-142.58874803446042;65:-275.6747343530758:-357.3529437035643;66:-40.51391366361242:146.58187764393722;67:117.75209609214349:208.18431947093583;68:-203.28144949885188:74.24988733935496;69:112.01151404821933:255.09899214725414;70:-132.08519561648941:-233.38345976935943;71:-139.14216571078782:134.3218312811965;72:177.4852385500703:257.723365341232;73:85.24327161722185:-167.50550573882845;74:-154.03286430005718:-148.8817165794868;75:116.50865262553404:-44.11305874420394;76:-249.78117787054308:48.67391480031802;77:249.02256751904568:197.3591499890512;78:263.36545534748245:-139.6166974702466;79:41.17932105837322:21.187075961161888;80:-210.93317099216878:227.5673828527115;81:-237.10012008181891:-189.00385794644473;82:175.3310889166015:213.68381131943974;83:184.02835937986876:96.82111717929912;84:275.58628709879434:-2.9587296534396685;85:-127.28089305551678:-55.23977432018612;86:42.74993749185777:-199.2527119267492;87:-318.6445172394687:-166.24482785095674;88:-52.09362204319742:283.2058244582038;89:60.71504993895184:2.168490363656642;90:-161.12195152522028:-263.70926835627046;91:202.48784259518288:-74.78404284786338;92:-350.89101563650894:33.53615440039698;93:113.14674635939559:57.0248408501027;94:-186.55390238851197:-52.97469984925419;95:-15.338426979469691:-140.66277006291102;96:13.552255213952618:-293.4680300060321;97:-425.24381148214763:-47.165028486944756;98:-249.90398616241046:-242.36031027804333;99:-338.516392343606:-234.67711168510132;100:251.98541215589282:79.14066137267169;101:163.03166153737226:180.55979433646488;102:-15.966716553709356:391.2581316089809;103:-320.4764376518238:-94.84485579029537;104:202.01617694219888:-30.198796351751895;105:58.97702756671728:-136.72124052051265;106:-472.1553290293435:-216.37013351753563;107:155.8062907782121:-232.15572759826983;108:-190.692705706685:367.8494372606174;109:-55.40591451407404:-48.97953752981851;110:-106.4596401121126:63.871090351146464;111:272.8914886260766:139.39955749106352;112:-277.1916793397549:376.61646708719576;113:-106.31790422846714:-322.50016445872126;114:-395.3342534328076:91.79715234986985;115:71.52357945556086:238.0587786187199;116:-121.57214373991857:-91.09858431112073;117:133.28136706714506:-202.42057894297048;118:-200.3099218029452:-234.0902066515907;119:187.25179408304632:340.44097854587056;120:245.67628051260903:-70.65206623474299;121:-290.3086678085159:-243.57536058999915;122:-247.0265843422944:136.18356584364028;123:-33.168096608302506:-19.480428091749;124:16.569820450757064:246.02428780103102;125:-397.870989972342:-136.11139314758523;126:155.76757879791253:381.61341210073516;127:238.461387203745:-185.8063742752191;128:-267.9452265258804:170.0047222742148;129:-30.373398770231777:-189.93823425080691;130:55.61655899787229:-343.2625518074098;131:-270.240032049802:-201.51614727147083;132:211.74573194358226:-114.60851802994684;133:68.60999122263168:-271.9633017828773;134:20.150251770224386:274.73513703702145;135:-321.2822765810124:50.39951572132533;136:-86.94473079117088:105.84404562951993;137:-249.2070484809626:229.21336270515502;138:271.1357677302592:30.29345980401736;139:-226.18730360883401:-273.7763887143964;140:-297.0956730681033:55.661442085824284;141:300.0932701835105:-109.22303679789339;142:201.3425481604836:128.18926267707462;143:337.8849339382908:3.7939076355976984;144:-209.39446595038453:-37.9957764981542;145:-444.1532480030403:-4.400534347350149;146:274.9993280752358:-234.14060690493818;147:-148.88722737637377:-358.64713318739615;148:116.97753376344589:-107.73986147362957;149:351.6709890449238:-35.33557326993221;0:4;0:5;0:6;0:10;0:12;0:15;0:17;0:18;0:24;0:40;0:41;0:53;0:61;0:63;0:101;0:111;0:117;0:122;0:127;0:129;1:4;1:6;1:8;1:14;1:17;1:19;1:24;1:30;1:36;1:41;1:58;1:59;1:67;1:80;1:83;1:93;1:107;1:113;2:4;2:5;2:7;2:9;2:11;2:13;2:17;2:18;2:20;2:38;2:57;2:72;2:79;2:116;2:119;3:4;3:5;3:8;3:27;3:30;3:49;3:75;3:121;3:130;4:5;4:6;4:7;4:9;4:12;4:13;4:20;4:21;4:23;4:27;4:32;4:39;4:41;4:50;4:60;4:70;4:73;4:78;4:99;4:113;4:127;4:130;4:131;4:133;4:137;4:147;5:6;5:7;5:8;5:10;5:13;5:15;5:16;5:30;5:32;5:34;5:37;5:40;5:46;5:57;5:64;5:65;5:74;5:90;5:96;5:104;5:105;5:110;5:125;5:130;5:135;5:139;5:140;6:7;6:8;6:9;6:10;6:11;6:12;6:13;6:14;6:15;6:17;6:18;6:19;6:21;6:23;6:26;6:27;6:28;6:32;6:43;6:44;6:45;6:55;6:58;6:60;6:62;6:68;6:73;6:77;6:80;6:89;6:91;6:95;6:98;6:103;6:105;6:114;6:120;6:131;6:134;6:135;6:142;7:23;7:29;7:33;7:47;7:68;7:69;7:103;7:109;7:140;8:9;8:11;8:14;8:27;8:29;8:33;8:35;8:37;8:43;8:46;8:65;8:66;8:71;8:76;8:81;8:85;8:86;8:88;8:96;8:97;8:98;8:106;8:109;8:110;8:147;9:10;9:14;9:16;9:22;9:31;9:37;9:41;9:49;9:57;9:58;9:62;9:79;9:87;9:99;9:103;9:122;9:123;9:132;9:136;10:11;10:16;10:20;10:23;10:28;10:32;10:33;10:45;10:46;10:48;10:51;10:52;10:55;10:58;10:67;10:69;10:76;10:80;10:83;10:85;10:112;10:115;10:122;10:129;11:12;11:22;11:25;11:34;11:42;11:51;11:52;11:61;11:70;11:94;11:100;11:109;11:120;11:121;11:149;12:16;12:21;12:26;12:31;12:35;12:38;12:39;12:43;12:44;12:46;12:52;12:55;12:61;12:68;12:86;12:114;12:116;12:118;12:125;12:136;13:19;13:36;13:39;13:42;13:54;13:62;13:63;13:91;13:105;13:107;13:126;13:132;13:136;13:143;13:144;14:15;14:18;14:21;14:22;14:24;14:25;14:26;14:28;14:31;14:44;14:54;14:59;14:63;14:71;14:74;14:104;14:123;14:128;14:145;15:66;15:76;15:87;15:118;16:20;16:25;16:26;16:29;16:30;16:48;16:55;16:61;16:75;16:91;16:101;16:108;16:110;16:124;16:134;16:144;17:24;17:25;17:29;17:35;17:36;17:38;17:40;17:43;17:47;17:72;17:88;17:124;18:19;18:36;18:42;18:45;18:50;18:51;18:93;18:104;18:115;18:120;18:133;18:138;19:34;19:69;19:75;19:77;19:86;19:100;19:142;20:22;20:28;20:39;20:52;20:53;21:70;22:45;22:108;23:33;23:74;23:98;23:114;24:146;24:148;25:35;26:99;27:31;27:60;27:65;27:90;27:129;27:147;28:34;28:37;28:44;28:48;28:71;28:88;28:102;28:138;28:140;29:38;29:48;29:53;29:54;29:56;29:68;29:77;29:78;29:84;29:111;29:132;29:134;29:143;30:40;30:78;30:81;30:85;30:89;30:120;30:133;31:56;31:60;31:87;31:97;31:106;31:121;31:125;31:139;31:140;31:144;32:82;33:56;33:63;33:76;33:92;33:128;34:42;34:66;34:102;35:54;35:108;36:47;36:64;36:119;36:149;38:49;38:53;38:67;38:72;39:47;39:50;39:56;39:59;39:64;39:86;39:90;39:91;39:107;39:118;40:49;40:50;40:84;40:96;40:132;40:138;41:51;41:111;42:71;42:83;42:102;42:108;42:126;42:137;43:59;43:62;43:92;43:131;43:135;44:112;44:135;44:137;45:96;45:116;45:123;45:127;46:106;46:145;47:72;47:79;47:93;48:126;49:81;49:113;50:79;51:67;51:84;52:75;52:77;52:100;52:101;52:148;53:57;53:70;53:73;53:105;54:69;54:141;55:80;55:97;55:114;55:137;56:94;56:122;56:144;59:125;59:133;60:65;60:87;60:139;61:66;61:83;61:94;61:119;61:136;62:117;63:64;63:115;64:117;66:82;66:110;67:73;67:82;67:115;68:81;69:78;69:88;69:134;70:99;71:85;73:74;73:129;73:146;74:116;75:109;76:148;77:82;77:111;78:130;78:141;78:149;79:90;79:124;80:89;80:112;81:92;81:131;82:89;83:84;83:104;83:123;83:143;84:95;86:94;86:107;86:141;87:93;87:103;89:100;89:139;90:92;90:95;90:98;90:118;91:95;91:127;91:141;91:142;92:102;93:101;94:97;95:128;95:147;98:113;99:106;102:119;103:121;104:138;107:117;107:148;108:112;108:128;119:126;120:149;122:124;122:145;124:142;125:145;127:143;127:146;132:146;50;60;0;aaa
1;remove;6:-90.83061280585902:-3.746872936198876;0:6;1:6;4:6;5:6;6:7;6:8;6:9;6:10;6:11;6:12;6:13;6:14;6:15;6:17;6:18;6:19;6:21;6:23;6:26;6:27;6:28;6:32;6:43;6:44;6:45;6:55;6:58;6:60;6:62;6:68;6:73;6:77;6:80;6:89;6:91;6:95;6:98;6:103;6:105;6:114;6:120;6:131;6:134;6:135;6:142;60;0;False
2;add;150:1:1;150:55;150:52;58;0;False
3;remove;5:-92.29757715496989:-163.72615432506902;0:5;2:5;3:5;4:5;5:7;5:8;5:10;5:13;5:15;5:16;5:30;5:32;5:34;5:37;5:40;5:46;5:57;5:64;5:65;5:74;5:90;5:96;5:104;5:105;5:110;5:125;5:130;5:135;5:139;5:140;58;0;False
4;add;151:1:2;151:60;151:76;56;0;False
5;remove;4:-48.69575128018337:-233.84148109257993;0:4;1:4;2:4;3:4;4:7;4:9;4:12;4:13;4:20;4:21;4:23;4:27;4:32;4:39;4:41;4:50;4:60;4:70;4:73;4:78;4:99;4:113;4:127;4:130;4:131;4:133;4:137;4:147;56;0;False
6;add;152:6:0;152:114;152:106;54;0;False
7;remove;8:-253.87717207834453:-123.49285062767605;1:8;3:8;8:9;8:11;8:14;8:27;8:29;8:33;8:35;8:37;8:43;8:46;8:65;8:66;8:71;8:76;8:81;8:85;8:86;8:88;8:96;8:97;8:98;8:106;8:109;8:110;8:147;54;0;False
8;add;153:4:5;153:134;153:115;52;0;False
9;remove;10:-128.37824727289845:182.0012002404441;0:10;9:10;10:11;10:16;10:20;10:23;10:28;10:32;10:33;10:45;10:46;10:48;10:51;10:52;10:55;10:58;10:67;10:69;10:76;10:80;10:83;10:85;10:112;10:115;10:122;10:129;52;0;False
10;add;154:0:2;154:80;154:78;50;0;False
11;remove;12:-249.3672883434347:4.814323187693379;0:12;11:12;12:16;12:21;12:26;12:31;12:35;12:38;12:39;12:43;12:44;12:46;12:52;12:55;12:61;12:68;12:86;12:114;12:116;12:118;12:125;12:136;50;0;False
12;add;155:0:0;155:80;155:101;48;0;False
13;remove;14:-172.38687282235398:-3.328328084586649;1:14;9:14;14:15;14:18;14:21;14:22;14:24;14:25;14:26;14:28;14:31;14:44;14:54;14:59;14:63;14:71;14:74;14:104;14:123;14:128;14:145;48;0;False
14;add;156:8:1;156:21;156:137;46;0;False
15;remove;9:-192.44453779525833:22.740242505791315;2:9;9:16;9:22;9:31;9:37;9:41;9:49;9:57;9:58;9:62;9:79;9:87;9:99;9:103;9:122;9:123;9:132;9:136;46;0;False
16;add;157:2:3;157:154;157:51;44;0;False
17;remove;13:151.61493612208497:-3.9302106695358825;2:13;13:19;13:36;13:39;13:42;13:54;13:62;13:63;13:91;13:105;13:107;13:126;13:132;13:136;13:143;13:144;44;0;False
18;add;158:2:1;158:118;158:115;42;0;False
19;remove;16:-67.2443546307893:231.20116491875189;16:20;16:25;16:26;16:29;16:30;16:48;16:55;16:61;16:75;16:91;16:101;16:108;16:110;16:124;16:134;16:144;42;0;False
20;add;159:10:8;159:58;159:45;40;0;False
21;remove;0:86.33759783402141:-43.82984425991492;0:15;0:17;0:18;0:24;0:40;0:41;0:53;0:61;0:63;0:101;0:111;0:117;0:122;0:127;0:129;40;0;False
22;add;160:8:3;160:105;160:78;38;0;False
23;remove;11:-2.6527645966054267:73.3643094183838;2:11;11:22;11:25;11:34;11:42;11:51;11:52;11:61;11:70;11:94;11:100;11:109;11:120;11:121;11:149;38;0;False
24;add;161:6:3;161:91;161:85;36;0;False
25;remove;29:106.63798663869979:131.73579526173782;7:29;17:29;29:38;29:48;29:53;29:54;29:56;29:68;29:77;29:78;29:84;29:111;29:132;29:134;29:143;36;0;False
26;add;162:0:9;162:133;162:153;34;0;False
27;remove;1:32.9596647815938:-43.6879126918042;1:17;1:19;1:24;1:30;1:36;1:41;1:58;1:59;1:67;1:80;1:83;1:93;1:107;1:113;34;0;False
28;add;163:6:8;163:156;163:104;32;0;False
29;remove;18:221.9530229081314:19.810220410151825;2:18;18:19;18:36;18:42;18:45;18:50;18:51;18:93;18:104;18:115;18:120;18:133;18:138;32;0;False
30;add;164:9:1;164:50;164:78;30;0;False
31;remove;17:58.27784521506921:171.58912152252853;2:17;17:24;17:25;17:35;17:36;17:38;17:40;17:43;17:47;17:72;17:88;17:124;30;0;False
32;add;165:9:0;165:43;165:130;28;0;False
33;remove;31:-397.7500401097097:-184.05180396016397;27:31;31:56;31:60;31:87;31:97;31:106;31:121;31:125;31:139;31:140;31:144;28;0;False
34;add;166:1:3;166:96;166:101;26;0;False
35;remove;39:12.233705841396628:-175.65250079280278;20:39;39:47;39:50;39:56;39:59;39:64;39:86;39:90;39:91;39:107;39:118;26;0;False
36;add;167:2:1;167:124;167:110;24;0;False
37;remove;28:-126.1764850322023:289.6561398377824;20:28;28:34;28:37;28:44;28:48;28:71;28:88;28:102;28:138;28:140;24;0;True
